name,age,address
A,20,xyz0
B,23,xyz2
C,26,xyz3
A,29,xyz4
B,32,xyz5
C,35,xyz6
A,38,xyz7
B,41,xyz8
C,44,xyz9
A,47,xyz10
B,50,xyz11
C,53,xyz12
A,56,xyz13
B,59,xyz14
C,62,xyz15
A,65,xyz16
B,68,xyz17
C,71,xyz18
A,74,xyz19
B,77,xyz20
C,80,xyz21
A,83,xyz22
B,86,xyz23
C,89,xyz24
A,92,xyz25
B,95,xyz26
C,98,xyz27
A,101,xyz28
B,104,xyz29
C,107,xyz30
A,110,xyz31
B,113,xyz32
C,116,xyz33
A,119,xyz34
B,122,xyz35
C,125,xyz36
A,128,xyz37
B,131,xyz38
C,134,xyz39
A,137,xyz40
B,140,xyz41
C,143,xyz42
A,146,xyz43
B,149,xyz44
C,152,xyz45
A,155,xyz46
B,158,xyz47
C,161,xyz48
A,164,xyz49
B,167,xyz50
C,170,xyz51
A,173,xyz52
B,176,xyz53
C,179,xyz54
A,182,xyz55
B,185,xyz56
C,188,xyz57
A,191,xyz58
B,194,xyz59
C,197,xyz60
A,200,xyz61
B,203,xyz62
C,206,xyz63
A,209,xyz64
B,212,xyz65
C,215,xyz66
A,218,xyz67
B,221,xyz68
C,224,xyz69
A,227,xyz70
B,230,xyz71
C,233,xyz72
A,236,xyz73
B,239,xyz74
C,242,xyz75
A,245,xyz76
B,248,xyz77
C,251,xyz78
A,254,xyz79
B,257,xyz80
C,260,xyz81
A,263,xyz82
B,266,xyz83
C,269,xyz84
A,272,xyz85
B,275,xyz86
C,278,xyz87
A,281,xyz88
B,284,xyz89
C,287,xyz90
A,290,xyz91
B,293,xyz92
C,296,xyz93
A,299,xyz94
B,302,xyz95
C,305,xyz96
A,308,xyz97
B,311,xyz98
C,314,xyz99
A,317,xyz100
